idx,x,y,z,src
17,0.43113457435102776,-13.407455816344445,3.43726221397477,racket
18,0.3501436325268934,-12.958839324984147,3.398940371318584,interp
19,0.26915269070275905,-12.510222833623848,3.360618528662398,interp
20,0.18816174887862475,-12.061606342263552,3.3222966860062124,interp
21,0.10717080705449039,-11.612989850903254,3.2839748433500264,interp
22,0.026179865230356036,-11.164373359542957,3.2456530006938404,interp
23,-0.05481107659377832,-10.715756868182659,3.2073311580376545,interp
24,-0.13580201841791256,-10.267140376822361,3.169009315381469,interp
25,-0.21679296024204697,-9.818523885462064,3.130687472725283,interp
26,-0.2977839020661814,-9.369907394101764,3.0923656300690974,interp
27,-0.3787748438903157,-8.921290902741466,3.0540437874129114,interp
28,-0.45976578571445,-8.472674411381169,3.0157219447567254,interp
29,-0.5407567275385844,-8.024057920020871,2.977400102100539,interp
30,-0.6217476693627189,-7.575441428660572,2.9390782594443534,interp
31,-0.702738611186853,-7.126824937300276,2.9007564167881674,interp
32,-0.7837295530109875,-6.678208445939977,2.8624345741319814,interp
33,-0.8647204948351217,-6.22959195457968,2.824112731475796,interp
34,-0.945711436659256,-5.780975463219383,2.78579088881961,interp
35,-1.0267023784833906,-5.332358971859085,2.747469046163424,interp
36,-1.1076933203075245,-4.883742480498787,2.709147203507238,interp
37,-1.1886842621316591,-4.435125989138489,2.670825360851052,interp
38,-1.2696752039557935,-3.98650949777819,2.6325035181948664,interp
39,-1.3506661457799276,-3.5378930064178915,2.59418167553868,interp
40,-1.4316570876040622,-3.089276515057594,2.5558598328824944,interp
41,-1.5126480294281965,-2.640660023697298,2.517537990226309,interp
42,-1.5936389712523307,-2.1920435323369984,2.4792161475701224,interp
43,-1.6746299130764652,-1.7434270409767008,2.440894304913937,interp
44,-1.7556208549005994,-1.2948105496164048,2.402572462257751,interp
45,-1.8366117967247335,-0.8461940582561063,2.364250619601565,interp
46,-1.9176027385488679,-0.3975775668958077,2.3259287769453794,interp
47,-1.9985936803730027,0.05103892446448999,2.2876069342891934,interp
48,-2.079584622197137,0.49965541582478856,2.2492850916330074,interp
49,-2.160575564021271,0.9482719071850845,2.210963248976822,interp
50,-2.2415665058454053,1.396888398545383,2.1726414063206354,interp
51,-2.32255744766954,1.8455048899056807,2.13431956366445,interp
52,-2.403548389493674,2.2941213812659793,2.095997721008264,interp
53,-2.484539331317809,2.7427378726262774,2.057675878352078,interp
54,-2.5655302731419427,3.1913543639865734,2.0193540356958923,interp
55,-2.646521214966077,3.6399708553468715,1.9810321930397063,interp
56,-2.727512156790212,4.08858734670717,1.9427103503835204,interp
57,-2.808503098614346,4.537203838067468,1.9043885077273344,interp
58,-2.88949404043848,4.985820329427767,1.8660666650711484,interp
59,-2.9704849822626147,5.434436820788063,1.8277448224149626,interp
60,-3.051475924086749,5.883053312148362,1.7894229797587766,interp
61,-3.132466865910883,6.33166980350866,1.7511011371025909,interp
62,-3.213457807735018,6.780286294868958,1.7127792944464049,interp
63,-3.294448749559152,7.2289027862292565,1.674457451790219,interp
64,-3.375439691383286,7.677519277589552,1.6361356091340333,interp
65,-3.456430633207421,8.12613576894985,1.5978137664778473,interp
66,-3.537421575031555,8.574752260310149,1.5594919238216614,racket
67,-3.480505074630527,8.067354366971905,1.5616492760168876,interp
68,-3.4235885742295,7.559956473633663,1.563806628212114,interp
69,-3.366672073828472,7.052558580295418,1.5659639804073402,interp
70,-3.3097555734274446,6.545160686957175,1.5681213326025667,interp
71,-3.2528390730264167,6.037762793618931,1.5702786847977928,interp
72,-3.1959225726253893,5.530364900280688,1.572436036993019,interp
73,-3.1390060722243613,5.022967006942443,1.5745933891882453,interp
74,-3.082089571823334,4.515569113604201,1.5767507413834716,interp
75,-3.0251730714223064,4.008171220265957,1.5789080935786979,interp
76,-2.968256571021279,3.5007733269277144,1.5810654457739244,interp
77,-2.9113400706202506,2.9933754335894704,1.5832227979691507,interp
78,-2.8544235702192227,2.485977540251227,1.5853801501643767,interp
79,-2.7975070698181956,1.9785796469129844,1.5875375023596032,interp
80,-2.7405905694171677,1.4711817535747391,1.5896948545548295,interp
81,-2.6836740690161403,0.9637838602364965,1.591852206750056,interp
82,-2.626757568615113,0.45638596689825306,1.5940095589452823,interp
83,-2.569841068214085,-0.05101192643999042,1.5961669111405083,interp
84,-2.512924567813057,-0.5584098197782348,1.5983242633357346,interp
85,-2.4560080674120295,-1.0658077131164783,1.6004816155309611,interp
86,-2.399091567011002,-1.5732056064547209,1.6026389677261874,interp
87,-2.3421750666099745,-2.0806034997929643,1.6047963199214137,interp
88,-2.2852585662089466,-2.588001393131208,1.60695367211664,interp
89,-2.228342065807919,-3.09539928646945,1.6091110243118663,interp
90,-2.1714255654068917,-3.6027971798076943,1.6112683765070925,interp
91,-2.1145090650058638,-4.11019507314594,1.6134257287023188,interp
92,-2.0575925646048363,-4.61759296648418,1.615583080897545,interp
93,-2.0006760642038084,-5.124990859822426,1.6177404330927714,interp
94,-1.9437595638027807,-5.6323887531606704,1.6198977852879977,interp
95,-1.8868430634017532,-6.139786646498912,1.622055137483224,interp
96,-1.8299265630007255,-6.6471845398371565,1.6242124896784504,interp
97,-1.773010062599698,-7.154582433175398,1.6263698418736765,interp
98,-1.7160935621986704,-7.661980326513643,1.628527194068903,interp
99,-1.6591770617976427,-8.169378219851886,1.6306845462641293,interp
100,-1.6022605613966152,-8.676776113190128,1.6328418984593556,interp
101,-1.5453440609955873,-9.184174006528373,1.6349992506545818,interp
102,-1.4884275605945596,-9.691571899866616,1.6371566028498081,interp
103,-1.4315110601935321,-10.198969793204858,1.6393139550450346,interp
104,-1.3745945597925044,-10.706367686543105,1.641471307240261,interp
105,-1.317678059391477,-11.213765579881347,1.6436286594354872,interp
106,-1.260761558990449,-11.72116347321959,1.6457860116307135,interp
107,-1.2038450585894214,-12.228561366557836,1.6479433638259398,interp
108,-1.146928558188394,-12.735959259896077,1.650100716021166,interp
109,-1.0900120577873662,-13.24335715323432,1.6522580682163923,racket
110,-1.0168680565834627,-12.782372629208606,1.6178360251285508,interp
111,-0.9437240553795593,-12.321388105182892,1.5834139820407094,interp
112,-0.8705800541756559,-11.860403581157176,1.548991938952868,interp
113,-0.7974360529717524,-11.39941905713146,1.5145698958650262,interp
114,-0.7242920517678489,-10.938434533105747,1.4801478527771847,interp
115,-0.6511480505639455,-10.477450009080032,1.4457258096893433,interp
116,-0.5780040493600419,-10.016465485054315,1.4113037666015018,interp
117,-0.5048600481561386,-9.5554809610286,1.3768817235136603,interp
118,-0.431716046952235,-9.094496437002885,1.3424596804258186,interp
119,-0.35857204574833157,-8.63351191297717,1.3080376373379772,interp
120,-0.28542804454442816,-8.172527388951456,1.2736155942501357,interp
121,-0.21228404334052464,-7.7115428649257405,1.2391935511622942,interp
122,-0.13914004213662134,-7.250558340900027,1.2047715080744528,interp
123,-0.0659960409327176,-6.789573816874309,1.170349464986611,interp
124,0.007147960271185694,-6.328589292848596,1.1359274218987698,interp
125,0.0802919614750891,-5.867604768822883,1.1015053788109284,interp
126,0.15343596267899273,-5.406620244797164,1.0670833357230867,interp
127,0.22657996388289625,-4.945635720771449,1.0326612926352452,interp
128,0.29972396508679955,-4.484651196745736,0.9982392495474038,interp
129,0.37286796629070307,-4.023666672720019,0.963817206459562,interp
130,0.4460119674946066,-3.5626821486943046,0.9293951633717207,interp
131,0.5191559686985098,-3.1016976246685912,0.8949731202838793,interp
132,0.5922999699024135,-2.6407131006428735,0.8605510771960375,interp
133,0.6654439711063169,-2.17972857661716,0.8261290341081962,interp
134,0.7385879723102204,-1.7187440525914441,0.7917069910203546,interp
135,0.8117319735141237,-1.2577595285657317,0.7572849479325132,interp
136,0.8848759747180273,-0.7967750045400157,0.7228629048446716,interp
137,0.3770340067608336,-3.870910243376056,1.8674239761826117,phys
138,0.4932698092996052,-3.1455487486391966,1.800185920849405,phys
139,0.6077754171980578,-2.430984414012023,1.7300538549511324,phys
140,0.7206007226287907,-1.726905890838586,1.6570556613136789,phys
141,0.8317934311424774,-1.0330154759259949,1.5812180879622637,phys
142,0.9413991856679496,-0.349028337730455,1.5025668169290725,phys
143,1.049461681831701,0.3253282032861383,1.4211265283643957,phys
144,1.1560227753172247,0.9903153446247076,1.336920960340241,phys
145,1.261122581915711,1.6461834261084864,1.249972964698482,phys
146,1.3647995708583227,2.293172512316612,1.1603045592623134,phys
147,1.4670906519654114,2.931512936432806,1.0679369767000182,phys
148,1.5680312570989838,3.561425808543852,0.9728907103033988,phys
149,1.6676554163607031,4.183123491147948,0.8751855569193221,phys
150,1.765995829438202,4.7968100443864765,0.7748406572513683,phys
151,1.863083932466968,5.402681643290954,0.6718745337292715,phys
152,1.9589499607430507,6.000926969137341,0.5663051261264517,phys
153,2.0536230075929924,6.5917275768198,0.4581498250902603,phys
154,2.147131079681362,7.175258239993521,0.347425503735407,phys
155,2.239501149012689,7.751687275589232,0.2341485474382293,phys
156,2.3307592018633225,8.321176849169015,0.1183348819578801,phys
157,2.420930284859365,8.883883262472537,8.881784197001252e-16,phys
158,2.4903983187163417,9.317393728046376,0.0866889579372947,phys
159,2.5592743743787807,9.747209994598368,0.1674195046082569,phys
160,2.627567722745358,10.173389916531166,0.2422639505021284,phys
161,2.6952872925510967,10.595989212998765,0.3112924657759267,phys
162,2.762441683182069,11.015061547875796,0.3745731750811988,phys
163,2.829039176890483,11.430658605984917,0.4321722481045595,phys
164,2.895087750446858,11.842830165811442,0.4841539860687717,phys
165,2.960595086263688,12.251624168919736,0.5305809044246674,phys
166,3.0255685830225723,12.65708678627112,0.5715138119466917,phys
167,3.0900153658348635,13.059262481630697,0.6070118864314383,phys
168,3.1539422959638443,13.45819407223792,0.6371327471838639,phys
169,3.2173559801346965,13.85392278690482,0.6619325244633504,phys
170,3.280262779456801,14.246488321694988,0.6814659260498451,phys
171,3.342668817981402,14.635928893327083,0.695786301079254,phys
172,3.4045799909161483,15.02228129043712,0.7049457012869786,phys
173,3.4660019725167075,15.405580922825544,0.7089949397889311,phys
174,3.526940223674365,15.785861868807118,0.7079836475204597,phys
175,3.5873999992173093,16.163156920774085,0.701960327445346,phys
176,3.647386354942208,16.537497629076242,0.6909724066393202,phys
177,3.706904154391616,16.90891434431485,0.6750662863453772,phys
178,2.91194529889503,7.551140146259781,1.785909627291072,interp
179,2.935328408366222,7.4876753913197724,1.8709529428763612,interp
180,2.958711517837414,7.424210636379762,1.9559962584616504,interp
181,2.9820946273086055,7.360745881439751,2.0410395740469394,interp
182,3.0054777367797976,7.29728112649974,2.1260828896322286,racket
183,2.9940807188095584,6.929586464877795,2.074227209397296,interp
184,2.9826837008393197,6.56189180325585,2.022371529162364,interp
185,2.9712866828690805,6.1941971416339054,1.9705158489274315,interp
186,2.9598896648988418,5.826502480011961,1.9186601686924991,interp
187,2.9484926469286026,5.4588078183900155,1.8668044884575665,interp
188,2.937095628958364,5.0911131567680705,1.8149488082226342,interp
189,2.9256986109881247,4.7234184951461256,1.7630931279877016,interp
190,3.074803672260199,6.94945729628827,1.8401651535323127,phys
191,3.055908524965361,6.430841103417361,1.8415732238091247,phys
192,3.037212069527057,5.917678417342762,1.839063082639067,phys
193,3.018710177925988,5.409855936081723,1.8326754454668772,phys
194,3.000398860726267,4.907264161358392,1.8224497777636588,phys
195,2.982274261319363,4.409797240616938,1.8084243529981625,phys
196,2.9643326504647898,3.917352817179552,1.7906363077417708,phys
197,2.94657042110907,3.429831888042356,1.7691216940828745,phys
198,2.928984083465837,2.9471386688384618,1.7439155295135305,phys
199,2.9115702603411,2.4691804655305365,1.7150518444395666,phys
200,2.8943256826888817,1.9958675524259053,1.6825637274544394,phys
201,2.877247185383395,1.527113056135317,1.6464833685071982,phys
202,2.860331703194914,1.0628328451224447,1.6068421000856947,phys
203,2.843576266957359,0.6029454245154235,1.5636704365277152,phys
204,2.82697799991641,0.1473718358732174,1.5169981115648188,phys
205,2.810534114247728,-0.3039644383789118,1.466854114196502,phys
206,2.794241907735524,-0.7511375661128624,1.4132667229854996,phys
207,2.778098760602403,-1.194219452509282,1.356263538858954,phys
208,2.762102132481931,-1.6332798231515449,1.295871516494306,phys
209,2.7462495595260044,-2.068386303420028,1.2321169943635808,phys
210,2.7305386516395367,-2.499604494391878,1.1650257235046586,phys
211,2.7149670898354974,-2.9269980454372404,1.094622895083701,phys
212,2.6995326237037625,-3.350628723692059,1.0209331668084909,phys
213,2.6842330689876395,-3.770556480575134,0.9439806882486822,phys
214,2.6690663052623247,-4.186839515507874,0.8637891251151013,phys
215,2.654030273709888,-4.59953433698423,0.7803816825470458,phys
216,2.639122974985722,-5.00869582113045,0.6937811274531607,phys
217,2.62434246717171,-5.414377267884586,0.6040098099487514,phys
218,2.609686863811626,-5.816630454919025,0.5110896839294381,phys
219,2.595154332024584,-6.215505689420747,0.4150423268187652,phys
220,2.580743090692564,-6.611051857838229,0.3158889585247679,phys
221,2.566451408718343,-7.003316473696396,0.2136504596385739,phys
222,2.5522776033502845,-7.392345723576081,0.1083473889058135,phys
223,2.5382200385707385,-7.778184511347664,8.881784197001252e-16,phys
224,2.528444310185108,-8.04649948972714,0.0798443772826301,phys
225,2.518716730459121,-8.313492929080411,0.1546078813093034,phys
226,2.509036994538615,-8.579173196757173,0.2243268318151173,phys
227,2.4994048189641345,-8.843548072885397,0.2890366542609239,phys
228,2.4898199412636624,-9.10662476154958,0.3487719204435149,phys
229,2.480282119553464,-9.368409901746476,0.4035663881507083,phys
230,2.4707911321457177,-9.628909578154484,0.4534530399024376,phys
231,2.461346777161642,-9.888129331752111,0.4984641208146232,phys
232,2.451948872148908,-10.14607417031888,0.5386311756181349,phys
233,2.442597253702148,-10.402748578851334,0.5739850848611325,phys
234,2.4332917770854485,-10.658156529924408,0.604556100318933,phys
235,2.424032315855757,-10.912301494027773,0.6303738796318209,phys
236,2.414818761486225,-11.165186449904086,0.6514675201874428,phys
237,2.405651022988524,-11.416813894915247,0.667865592261024,phys
238,2.396529026533293,-11.667185855459934,0.679596171423274,phys
239,2.387452715067914,-11.916303897464692,0.6866868702228144,phys
240,2.378422047930891,-12.164169136967889,0.6891648691470387,phys
241,2.369437000462204,-12.410782250814531,0.68705694686271,phys
242,1.8765764465248258,-12.985431810939815,1.5524427584926133,interp
243,1.799621608419003,-12.678966254795245,1.5641250127111757,interp
244,1.7226667703131802,-12.372500698650674,1.5758072669297376,interp
245,1.6457119322073572,-12.066035142506104,1.5874895211482996,interp
246,1.5687570941015343,-11.759569586361536,1.5991717753668617,interp
247,1.4918022559957111,-11.453104030216965,1.6108540295854237,interp
248,1.4148474178898884,-11.146638474072395,1.6225362838039858,interp
249,1.3378925797840653,-10.840172917927823,1.6342185380225478,interp
250,1.2609377416782426,-10.533707361783256,1.6459007922411097,interp
251,1.1839829035724196,-10.227241805638686,1.657583046459672,interp
252,1.1070280654665967,-9.920776249494114,1.669265300678234,interp
253,1.0300732273607736,-9.614310693349546,1.680947554896796,interp
254,0.9531183892549506,-9.307845137204975,1.692629809115358,interp
255,0.8761635511491277,-9.001379581060403,1.7043120633339202,interp
256,0.7992087130433049,-8.694914024915834,1.7159943175524823,interp
257,0.7222538749374819,-8.388448468771264,1.7276765717710443,interp
258,0.6452990368316588,-8.081982912626692,1.7393588259896062,interp
259,0.568344198725836,-7.775517356482123,1.7510410802081682,interp
260,0.49138936062001304,-7.469051800337554,1.7627233344267301,interp
261,0.4144345225141902,-7.162586244192985,1.7744055886452925,interp
262,0.33747968440836706,-6.856120688048414,1.7860878428638545,interp
263,0.2605248463025439,-6.549655131903842,1.7977700970824164,interp
264,0.1835700081967213,-6.243189575759273,1.8094523513009786,interp
265,0.10661517009089838,-5.936724019614704,1.8211346055195405,interp
266,0.02966033198507545,-5.630258463470135,1.8328168597381027,interp
267,-0.047294506120747704,-5.323792907325563,1.8444991139566647,interp
268,-0.12424934422657063,-5.017327351180993,1.8561813681752266,interp
269,-0.20120418233239357,-4.710861795036424,1.8678636223937888,interp
270,-0.2781590204382164,-4.404396238891854,1.879545876612351,interp
271,-0.35511385854403954,-4.097930682747283,1.891228130830913,interp
272,-0.43206869664986214,-3.791465126602714,1.902910385049475,interp
273,-0.5090235347556851,-3.484999570458145,1.914592639268037,interp
274,-0.5859783728615082,-3.178534014313574,1.9262748934865992,interp
275,-0.662933210967331,-2.8720684581690046,1.937957147705161,interp
276,-0.7398880490731542,-2.5656029020244335,1.9496394019237233,interp
277,-0.8168428871789769,-2.2591373458798634,1.9613216561422853,interp
278,-0.8937977252847997,-1.9526717897352945,1.9730039103608474,interp
279,-0.9707525633906229,-1.646206233590723,1.9846861645794092,interp
280,-1.0477074014964458,-1.3397406774461542,1.9963684187979713,interp
281,-1.124662239602269,-1.0332751213015827,2.0080506730165335,interp
282,-1.2016170777080917,-0.7268095651570139,2.0197329272350957,interp
283,-1.2785719158139144,-0.4203440090124446,2.0314151814536574,interp
284,-1.3555267539197375,-0.11387845286787357,2.0430974356722196,interp
285,-1.4324815920255602,0.1925871032766957,2.0547796898907817,interp
286,-1.5094364301313836,0.49905265942126675,2.066461944109344,interp
287,-1.5863912682372063,0.805518215565836,2.0781441983279056,interp
288,-1.6633461063430295,1.111983771710407,2.089826452546468,interp
289,-1.7403009444488524,1.4184493278549768,2.10150870676503,interp
290,-1.8172557825546751,1.7249148839995456,2.1131909609835917,interp
291,-1.8942106206604983,2.031380440144117,2.124873215202154,interp
292,-1.9711654587663212,2.337845996288686,2.136555469420716,interp
293,-2.048120296872144,2.644311552433258,2.1482377236392782,interp
294,-2.1250751349779673,2.950777108577827,2.15991997785784,interp
295,-2.2020299730837896,3.257242664722396,2.1716022320764026,interp
296,-2.2789848111896127,3.5637082208669675,2.1832844862949643,interp
297,-2.355939649295436,3.8701737770115363,2.194966740513526,interp
298,-2.432894487401259,4.176639333156108,2.206648994732088,interp
299,-2.5098493255070817,4.483104889300677,2.2183312489506504,racket
300,-2.416612716094855,3.9878846997240895,2.1915494907557953,interp
301,-2.323376106682628,3.4926645101475016,2.1647677325609407,interp
302,-2.230139497270402,2.997444320570915,2.1379859743660856,interp
303,-2.1369028878581755,2.502224130994328,2.1112042161712306,interp
304,-2.043666278445949,2.0070039414177407,2.084422457976376,interp
305,-1.9504296690337224,1.511783751841154,2.057640699781521,interp
306,-1.8571930596214958,1.0165635622645661,2.030858941586666,interp
307,-1.7639564502092693,0.5213433726879795,2.004077183391811,interp
308,-1.6707198407970425,0.026123183111391945,1.9772954251969561,interp
309,-1.577483231384816,-0.4690970064651956,1.9505136670021013,interp
310,-1.4842466219725894,-0.9643171960417827,1.9237319088072462,interp
311,-1.391010012560363,-1.4595373856183689,1.8969501506123914,interp
312,-1.2977734031481363,-1.9547575751949564,1.8701683924175363,interp
313,-1.2045367937359097,-2.4499777647715444,1.8433866342226817,interp
314,-1.1113001843236827,-2.945197954348132,1.8166048760278266,interp
315,-1.0180635749114566,-3.440418143924718,1.7898231178329715,interp
316,-0.92482696549923,-3.935638333501305,1.763041359638117,interp
317,-0.8315903560870034,-4.430858523077893,1.7362596014432619,interp
318,-0.7383537466747767,-4.92607871265448,1.7094778432484068,interp
319,-0.6451171372625502,-5.421298902231067,1.6826960850535522,interp
320,-0.5518805278503235,-5.916519091807655,1.655914326858697,interp
321,-0.45864391843809693,-6.411739281384242,1.629132568663842,interp
322,-0.3654073090258707,-6.906959470960827,1.6023508104689874,interp
323,-0.27217069961364415,-7.402179660537414,1.5755690522741324,interp
324,-0.17893409020141737,-7.897399850114002,1.5487872940792773,interp
325,-0.08569748078919082,-8.39262003969059,1.5220055358844227,interp
326,0.00753912862303574,-8.887840229267177,1.4952237776895676,interp
327,0.10077573803526241,-9.383060418843765,1.4684420194947125,interp
328,0.19401234744748902,-9.878280608420352,1.4416602612998577,interp
329,0.2872489568597157,-10.37350079799694,1.4148785031050028,interp
330,0.38048556627194224,-10.868720987573528,1.388096744910148,interp
331,0.4737221756841686,-11.363941177150112,1.361314986715293,interp
332,0.5669587850963951,-11.8591613667267,1.334533228520438,interp
333,0.6601953945086217,-12.354381556303288,1.3077514703255833,interp
334,0.7534320039208484,-12.849601745879875,1.2809697121307282,interp
335,0.846668613333075,-13.344821935456462,1.2541879539358733,racket
336,0.8791031023806986,-12.96490904375188,1.2317917404727328,interp
337,0.8195160073457854,-16.938302983226542,1.6372431793363993,phys
338,0.863852126503228,-16.34021017705887,1.712818309889703,phys
339,0.9076463577108808,-15.749427421718314,1.7835696654888282,phys
340,0.9509121946350236,-15.165772688085411,1.8495669970759128,phys
341,0.993662616269746,-14.589070889951826,1.9108774391190368,phys
342,1.0359101118624643,-14.019153547775888,1.9675656412366571,phys
343,1.077666704336502,-13.455858472712816,2.0196938920517464,phys
344,1.118943972318463,-12.899029469466107,2.067322235833545,phys
345,1.1597530708693908,-12.348516056624913,2.110508582438875,phys
346,1.2001047510105056,-11.804173203262463,2.1493088110228684,phys
347,1.2400093781271326,-11.265861080667689,2.1837768679510896,phys
348,1.2794769493276568,-10.733444828173448,2.2139648593103,phys
349,1.318517109828418,-10.206794332124865,2.239923138383751,phys
350,1.357139168429818,-9.685784017107125,2.2617003884280704,phys
351,1.3953521121440078,-9.170292648618446,2.2793437010627486,phys
352,1.433164620029835,-8.660203146437127,2.2928986505592226,phys
353,1.470585076286587,-8.155402407987332,2.302409364294751,phys
354,1.5076215826542436,-7.655781141060097,2.3079185896162704,phys
355,1.5442819701643702,-7.161233705294177,2.3094677573410314,phys
356,1.5805738102826532,-6.671657961863585,2.30709704210409,phys
357,1.6165044254810308,-6.186955130859925,2.30084541974722,phys
358,1.652080899274746,-5.707029655892828,2.2907507219296863,phys
359,1.687310085757067,-5.231789075466916,2.2768496881282654,phys
360,1.7221986186622131,-4.76114390072323,2.259178015181865,phys
361,1.7567529199848124,-4.295007499162992,2.2377704045250955,phys
362,1.7909792081823743,-3.833295983996545,2.2126606072448967,phys
363,1.824883505985352,-3.375928108785865,2.18388146708495,phys
364,1.8584716478378145,-2.922825167070128,2.151464961513873,phys
365,1.891749286990113,-2.473910896685867,2.115442240965239,phys
366,1.9247219022636068,-2.029111388511052,2.0758436663499253,phys
367,1.957394804506098,-1.588354999381478,2.0326988449345365,phys
368,1.9897731427555063,-1.15157226894299,1.9860366646731724,phys
369,2.021861910128092,-0.718695840219548,1.9358853270740204,phys
370,2.0536659494465788,-0.2896603836900367,1.8822723786766489,phys
371,2.0851899586224643,0.1355974753189245,1.8252247412109568,phys
372,2.116438495805992,0.5571392261059429,1.764768740503858,phys
373,2.147415984316328,0.9750245391027924,1.7009301341955765,phys
374,2.1781267173638,1.3893113295771982,1.6337341383231798,phys
375,2.208574862575212,1.8000558186792828,1.5632054528254016,phys
376,2.238764466332697,2.207312591972514,1.4893682860190949,phys
377,2.2686994579358304,2.611134655580387,1.412246378094565,phys
378,2.298383653596169,3.011573490072762,1.3318630236739002,phys
379,2.3278207602728798,3.408679102208299,1.2482410934735857,phys
380,2.3570143793575062,3.8025000746418423,1.1614030551101835,phys
381,2.38596801021554,4.193083613700109,1.0713709930852289,phys
382,2.4146850535919198,4.580475595321793,0.9781666279834498,phys
383,2.443168814887253,4.964720609253644,0.8818113349160787,phys
384,2.4714225073110594,5.345862001587592,0.7823261612392932,phys
385,2.4994492549180465,5.723941915720116,0.6797318435757741,phys
386,2.527252095533031,6.099001331809219,0.5740488241659163,phys
387,2.554833983569816,6.471080104801095,0.465297266573405,phys
388,2.582197792749012,6.84021700109332,0.3534970707686852,phys
389,2.6093463187195125,7.206449733898619,0.2386678876122155,phys
390,2.6362822815880604,7.569814997368517,0.1208291327584477,phys
391,2.663008328361096,7.930348499533849,1.7763568394002505e-15,phys
392,2.6801020546243763,8.160942311147494,0.0892034398649978,phys
393,2.697128717760888,8.390631443361078,0.1733588352589777,phys
394,2.7140884466068544,8.6194176341711,0.2524985949423997,phys
395,2.730981337394117,8.84730218174195,0.3266542888348064,phys
396,2.747807454059255,9.07428594857602,0.3958566863013653,phys
397,2.7645668285524905,9.300369365680766,0.4601357937999831,phys
398,2.7812594611489403,9.525552436767487,0.5195208919233673,phys
399,2.797885320764804,9.749834742516745,0.574040571865718,phys
400,2.814444345281015,9.97321544494434,0.6237227713386606,phys
401,2.8309364418768554,10.195693291901822,0.6685948099563643,phys
402,2.8473614873759514,10.417266621743895,0.7086834241048394,phys
403,2.8637193286070066,10.637933368194773,0.7440148013057928,phys
404,2.8800097827815265,10.857691065443577,0.7746146140807142,phys
405,2.8962326378906877,11.076536853498176,0.800508053316455,phys
406,2.912387653123348,11.294467483824109,0.8217198611291096,phys
407,2.9284745593070824,11.511479325294092,0.8382743632189793,phys
408,2.9444930593739214,11.727568370470896,0.8501955007054252,phys
409,2.9604428288523392,11.94273024224417,0.8575068614268214,phys
410,2.976323516386772,12.156960200838768,0.8602317106874495,phys
411,2.992134744285785,12.370253151209544,0.8583930214302306,phys
412,3.007876109099768,12.582603650834333,0.8520135038115586,phys
413,3.0235471822287785,12.794005917913871,0.8411156341522862,phys
414,3.0391475105609342,13.004453839983606,0.8257216832371393,phys
415,3.0546766171414905,13.2139409829395,0.8058537439334923,phys
416,3.0701340018724634,13.422460600476054,0.7815337580995583,phys
417,3.085519142242481,13.63000564393181,0.7527835427516016,phys
418,3.1008314940861785,13.836568772533674,0.7196248154598601,phys
419,3.116070492372316,14.042142364028624,0.6820792189433037,phys
420,3.1312355520195143,14.246718525687866,0.6401683448343203,phys
421,3.146326068738294,14.45028910566596,0.5939137565856732,phys
422,3.1613414198978846,14.65284570469405,0.5433370114939041,phys
423,3.176280965416118,14.854379688084496,0.4884596818152754,phys
424,3.1911440486705094,15.05488219802134,0.42930337495283,phys
425,3.205929997428542,15.254344166109766,0.3658897526956227,phys
426,3.220638124794968,15.452756326155209,0.2982405494942032,phys
427,3.235267730173915,15.650109227142147,0.2263775897592619,phys
428,3.2498181002434783,15.846393246381249,0.150322804173578,phys
429,3.2642885099403944,16.041598602792664,0.0700982450106238,phys
430,3.2786782234524408,16.235715370293438,-0.0142738995437228,phys
431,3.292986495216104,16.428733491256022,-0.1027712920664494,phys
432,3.307212570917144,16.620642790005814,-0.1953714335668324,phys
433,3.3213556884916624,16.811432986325606,-0.292051652143903,phys
434,1.5774365244066118,5.97658056922285,2.250659061617033,phys
435,1.4264870802023586,5.58884454959603,2.273091538279784,phys
436,1.2768144661060576,5.204388257340232,2.2914268360628838,phys
437,1.1283967378124538,4.823155325255045,2.3057008316117287,phys
438,0.9812126189899748,4.445091101929466,2.315948468804395,phys
439,0.8352414781864128,4.070142592420715,2.322203798795361,phys
440,0.6904633067233268,3.6982584014727338,2.32450001846498,phys
441,0.5468586975252201,3.3293886791357905,2.322869507355853,phys
442,0.4044088248324694,2.9634850686561305,2.3173438631719208,phys
443,0.2630954247505224,2.6005006565137068,2.307953935911101,phys
444,0.1229007765902872,2.2403899244922085,2.29472986069763,phys
445,-0.0161923150423241,1.883108703673394,2.277701089375916,phys
446,-0.1542005374475808,1.5286141302533005,2.2568964209236584,phys
447,-0.2911400863609319,1.1768646030850598,2.232344030738192,phys
448,-0.4270266818451533,0.8278197428575647,2.204071498846459,phys
449,-0.5618755835785686,0.4814403528254068,2.1721058370857604,phys
450,-0.6957016055706768,0.1376883810096065,2.136473515299251,phys
451,-0.8285191303342664,-0.2034731162055626,2.09720048658738,phys
452,-0.9603421225418098,-0.5420800091510483,2.0543122116536865,phys
453,-1.0911841421920885,-0.8781671286934439,2.0078336822809013,phys
454,-1.221058357311483,-1.2117682988601397,1.957789443970968,phys
455,-1.3499775562131815,-1.542916368328913,1.9042036177803368,phys
456,-1.4779541593358012,-1.8716432408371813,1.847099921379998,phys
457,-1.6050002306820792,-2.197979904563981,1.7865016893676515,phys
458,-1.7311274888767725,-2.521956460533813,1.7224318928578228,phys
459,-1.8563473178620915,-2.843602150089458,1.654913158373908,phys
460,-1.980670777247535,-3.1629453814770554,1.583967786064839,phys
461,-2.1041086123303843,-3.4800137555852344,1.5096177672674511,phys
462,-2.2266712638018693,-3.794834090876827,1.4318848014345036,phys
463,-2.348368877153404,-4.107432447550192,1.3507903124469078,phys
464,-2.469211311796083,-4.41783415096399,1.2663554643278878,phys
465,-2.589208149906205,-4.726063814358215,1.1786011763755058,phys
466,-2.708368705008525,-5.032145360901559,1.0875481377292813,phys
467,-2.826702030308543,-5.336102045094116,0.993216821385555,phys
468,-2.944216926784054,-5.637956473551747,0.8956274976757552,phys
469,-3.060921951045965,-5.937730625197746,0.7948002472207496,phys
470,-3.1768254229774597,-6.235445870885148,0.6907549733740399,phys
471,-3.291935433160312,-6.531122992472354,0.583511414165749,phys
472,-3.406259850096299,-6.824782201372361,0.4730891537591515,phys
473,-3.5198063272314526,-7.116443156595618,0.3595076334307116,phys
474,-3.632582309790196,-7.406124982304512,0.2427861620844409,phys
475,-3.744595041426225,-7.693846284897138,0.1229439263107492,phys
476,-3.855851570696201,-7.979625169635948,0.0,phys
477,-3.922287686710911,-8.150276180103758,0.0909524426680957,phys
478,-3.988538711629928,-8.320451756659963,0.1770946362959571,phys
479,-4.054603888172022,-8.490149954115493,0.2584522933360916,phys
480,-4.120482342749919,-8.659368528531955,0.33505038531283,phys
481,-4.186173084719756,-8.828104935293762,0.4069131762595243,phys
482,-4.251675005663003,-8.996356327263644,0.4740642560050475,phys
483,-4.316986878716032,-9.164119553060544,0.5365265733421033,phys
484,-4.382107357963245,-9.33139115550077,0.5943224691041245,phys
485,-4.44703497791,-9.498167370244126,0.6474737091710736,phys
486,-4.511768153052131,-9.664444124688172,0.6960015174181035,phys
487,-4.576305177558948,-9.830217037153968,0.7399266086140274,phys
488,-4.640644225086813,-9.995481416407197,0.7792692212695873,phys
489,-4.704783348740045,-10.160232261557756,0.8140491504281089,phys
490,-4.768720481195793,-10.324464262380491,0.8442857803839381,phys
491,-4.832453435008768,-10.488171800097996,0.8699981173066211,phys
492,-4.8959799031111295,-10.651348948664578,0.8912048217416588,phys
493,-4.9592974595215,-10.81398947658752,0.9079242409515882,phys
494,-5.022403560276096,-10.976086849318804,0.9201744410546092,phys
495,-5.085295544593224,-11.13763423224629,0.9279732389117622,phys
496,-5.147970636280832,-11.298624494309246,0.931338233708152,phys
497,-5.2104259453947135,-11.459050212257647,0.9302868381688444,phys
498,-5.272658470152973,-11.61890367556981,0.9248363093460952,phys
499,-5.334665099110088,-11.778176892036765,0.9150037789114598,phys
500,-5.396442613591623,-11.936861594016172,0.900806282884224,phys
501,-4.2741617779330845,-13.0385867103774,1.8160177132126862,interp
502,-4.129188240070628,-12.662217707778298,1.8152216377994346,interp
503,-3.9842147022081726,-12.285848705179196,1.8144255623861831,interp
504,-3.8392411643457174,-11.909479702580096,1.8136294869729315,interp
505,-3.694267626483262,-11.533110699980993,1.8128334115596798,interp
506,-3.549294088620806,-11.15674169738189,1.8120373361464281,interp
507,-3.4043205507583507,-10.780372694782788,1.8112412607331767,interp
508,-3.259347012895896,-10.404003692183686,1.810445185319925,interp
509,-3.1143734750334398,-10.027634689584584,1.8096491099066734,interp
510,-2.969399937170984,-9.65126568698548,1.8088530344934215,interp
511,-2.824426399308529,-9.274896684386379,1.80805695908017,interp
512,-2.679452861446074,-8.898527681787277,1.8072608836669186,interp
513,-2.534479323583618,-8.522158679188173,1.8064648082536667,interp
514,-2.3895057857211626,-8.145789676589072,1.805668732840415,interp
515,-2.2445322478587073,-7.769420673989972,1.8048726574271634,interp
516,-2.0995587099962516,-7.39305167139087,1.804076582013912,interp
517,-1.954585172133796,-7.016682668791766,1.8032805066006603,interp
518,-1.8096116342713402,-6.640313666192663,1.8024844311874086,interp
519,-1.6646380964088847,-6.263944663593561,1.801688355774157,interp
520,-1.51966455854643,-5.887575660994461,1.8008922803609058,interp
521,-1.3746910206839742,-5.511206658395357,1.8000962049476539,interp
522,-1.2297174828215183,-5.134837655796254,1.7993001295344022,interp
523,-1.084743944959063,-4.758468653197153,1.7985040541211506,interp
524,-0.9397704070966078,-4.382099650598051,1.7977079787078991,interp
525,-0.794796869234152,-4.005730647998948,1.7969119032946472,interp
526,-0.6498233313716963,-3.6293616453998467,1.7961158278813958,interp
527,-0.5048497935092406,-3.252992642800745,1.7953197524681441,interp
528,-0.3598762556467858,-2.876623640201643,1.7945236770548925,interp
529,-0.21490271778433012,-2.5002546376025396,1.7937276016416408,interp
530,-0.06992917992187442,-2.123885635003437,1.7929315262283891,interp
531,0.07504435794058084,-1.747516632404336,1.7921354508151377,interp
532,0.2200178958030361,-1.3711476298052343,1.7913393754018858,interp
533,0.36499143366549225,-0.9947786272061316,1.7905432999886344,interp
534,0.5099649715279471,-0.6184096246070308,1.7897472245753827,interp
535,0.6549385093904032,-0.2420406220079263,1.788951149162131,interp
536,0.7999120472528578,0.13432838059117458,1.7881550737488794,interp
537,0.944885585115314,0.5106973831902772,1.7873589983356277,interp
538,1.089859122977769,0.8870663857893781,1.7865629229223763,interp
539,1.2348326608402251,1.2634353883884817,1.7857668475091244,interp
540,1.37980619870268,1.6398043909875826,1.784970772095873,interp
541,1.524779736565136,2.016173393586686,1.7841746966826215,interp
542,1.6697532744275907,2.392542396185787,1.7833786212693696,interp
543,1.8147268122900468,2.7689113987848906,1.7825825458561182,interp
544,1.959700350152502,3.1452804013839915,1.7817864704428665,interp
545,2.1046738880149585,3.521649403983095,1.7809903950296149,interp
546,2.249647425877413,3.898018406582196,1.780194319616363,interp
547,2.394620963739869,4.2743874091812994,1.7793982442031115,interp
548,2.539594501602324,4.650756411780401,1.77860216878986,interp
549,2.68456803946478,5.027125414379504,1.7778060933766082,interp
550,2.829541577327235,5.403494416978604,1.7770100179633568,interp
551,2.974515115189691,5.779863419577708,1.7762139425501051,interp
552,3.119488653052146,6.156232422176808,1.7754178671368535,interp
553,3.2644621909146014,6.532601424775912,1.7746217917236018,interp
554,3.4094357287770567,6.908970427375014,1.7738257163103501,interp
555,3.5544092666395133,7.285339429974116,1.7730296408970987,interp
556,3.6993828045019677,7.661708432573218,1.7722335654838468,interp
557,3.8443563423644243,8.03807743517232,1.7714374900705954,interp
558,3.9893298802268795,8.414446437771423,1.7706414146573437,interp
559,4.134303418089335,8.790815440370526,1.769845339244092,interp
560,4.27927695595179,9.167184442969626,1.7690492638308404,interp
561,4.424250493814246,9.54355344556873,1.768253188417589,interp
562,4.569224031676701,9.91992244816783,1.7674571130043373,interp
563,4.714197569539157,10.296291450766933,1.7666610375910856,interp
564,4.859171107401612,10.672660453366035,1.765864962177834,racket
565,4.8463674350513655,10.641172270789067,1.7562030604667962,interp
566,4.833563762701119,10.6096840882121,1.7465411587557584,interp
587,3.4346643297009907,1.9554390464094704,2.14601539776581,phys
588,3.4266596968521283,1.8367522075714344,2.167293494222493,phys
589,3.4186747713324626,1.7183575745907216,2.1846000242408543,phys
590,3.410709364245313,1.600252346645595,2.197945037250255,phys
591,3.4027633090875984,1.4824340549501935,2.2073383883138247,phys
592,3.3948364617035582,1.364900562068373,2.212789770575457,phys
593,3.386928700178212,1.2476500603340246,2.2143087478298966,phys
594,3.3790399246673046,1.130681069329565,2.211904787064451,phys
595,3.371170057161546,1.0139924323903382,2.2055872908110894,phys
596,3.3633190411841167,0.897583312119395,2.1953656291415147,phys
597,3.3554868414215955,0.7814531849151454,2.1812491711357525,phys
598,3.347673443289641,0.66560183453165,2.163247315656839,phys
599,3.33987885243593,0.550029344708545,2.141369521270261,phys
600,3.3321030941838803,0.4347360909229224,2.115625335156644,phys
601,3.324346212921628,0.3197227313295955,2.0860244208793657,phys
602,3.3166082714415026,0.2049901969672662,2.052576584884554,phys
603,3.308889350235823,0.0905396813171675,2.015291801628825,phys
604,3.301189546755286,-0.0236273706931103,1.974180237249258,phys
605,3.293508974636389,-0.1375092741446871,1.9292522717097,phys
606,3.2858477629044733,-0.2511041159442446,1.8805185193772125,phys
607,3.278206055158771,-0.3644097669074217,1.8279898480011507,phys
608,3.270584008745695,-0.4774238940167603,1.7716773960851344,phys
609,3.262981793926181,-0.5901439727676796,1.7115925886580832,phys
610,3.2553995930425232,-0.7025672995220568,1.6477471514648658,phys
611,3.247837599689597,-0.8146910037967151,1.5801531236092017,phys
612,3.2402960178948663,-0.9265120604217408,1.5088228686917848,phys
613,3.2327750613109805,-1.0380273015119603,1.4337690844947024,phys
614,3.225274952424285,-1.1492334282026495,1.3550048112697852,phys
615,3.217795921781972,-1.26012702210873,1.2725434386929773,phys
616,3.2103382072401505,-1.3707045564738618,1.1863987115500798,phys
617,3.202902053234612,-1.480962406982984,1.0965847342208217,phys
618,3.19548771007568,-1.590896862217778,1.0031159740290858,phys
619,3.1880954332681224,-1.700504133740482,0.906007263526562,phys
620,3.180725482856801,-1.8097803657961729,0.8052738017762319,phys
621,3.173378122798406,-1.918721644628192,0.700931154700192,phys
622,3.166053620359419,-2.027324007404716,0.5929952545545202,phys
623,3.1587522455402004,-2.1355834507579448,0.4814823985911405,phys
624,3.151474270524956,-2.243495938939642,0.3664092469642405,phys
625,3.14421996915716,-2.351057411599145,0.2477928199357555,phys
626,3.136989616439941,-2.458263791191285,0.1256504944319548,phys
627,3.1297834880608177,-2.565110990023268,1.7763568394002505e-15,phys
628,3.125469029164205,-2.629082629622844,0.0934453673593412,phys
629,3.121158337286932,-2.6929984146160333,0.1826944759316587,phys
630,3.1168513799457025,-2.7568588266413374,0.2677630826253898,phys
631,3.1125481301616067,-2.8206642657223093,0.3486662073525036,phys
632,3.108248566844164,-2.884415044573163,0.4254181483278973,phys
633,3.1039526752223754,-2.9481113822074585,0.4980324976051299,phys
634,3.099660447327216,-3.011753396784083,0.566522157007595,phys
635,3.095371882530061,-3.0753410976237863,0.6308993546381076,phys
636,3.0910869881414142,-3.138874376331801,0.6911756621775403,phys
637,3.086805780073852,-3.202352996968086,0.7473620132134178,phys
638,3.082528283572338,-3.265776585218791,0.7994687228723447,phys
639,3.0782545340137277,-3.3291446165417837,0.8475055090637558,phys
640,3.0739845777753176,-3.392456403288431,0.8914815156752269,phys
641,3.0697184731695386,-3.455711080844707,0.931405338087325,phys
642,3.0654562914381787,-3.5189075928894877,0.9672850513944448,phys
643,3.061198117794897,-3.582044675936997,0.9991282417203932,phys
644,3.056944052499121,-3.645120843413788,1.0269420409964911,phys
645,3.052694211938137,-3.708134369614333,1.0507331655167442,phys
646,3.048448729687545,-3.771083273977418,1.0705079584918695,phys
647,3.044207757514092,-3.833965306216733,1.0862724366861036,phys
648,3.0399714662801363,-3.8967779329102608,1.098032341038106,phys
649,3.0357400467066182,-3.95951832618744,1.1057931909471312,phys
650,3.0315137099525664,-4.022183355136705,1.109560341664821,phys
651,3.027292687974364,-4.084769580478546,1.1093390439965285,phys
652,3.0230772336373373,-4.147273252910897,1.105134505314489,phys
653,3.0188676205649863,-4.209690315344747,1.096951950748022,phys
654,3.014664142725829,-4.272016409029987,1.0847966833654137,phys
655,3.0104671137726307,-4.334246883352914,1.068674142206756,phys
656,3.006276866161655,-4.396376808895321,1.048589957159616,phys
657,3.002093750089144,-4.458400993203576,1.0245499998687488,phys
658,3.964757838507012,-8.430360887767149,1.7223374899479325,phys
659,3.6999584650440647,-7.79118213817225,1.7144552393552306,phys
660,3.438858705227964,-7.160933600132803,1.7027864630272946,phys
661,3.181356953849432,-6.539370016683999,1.6873814601190258,phys
662,2.927355856001721,-5.926256390337942,1.668288496530638,phys
663,2.676762078089486,-5.321367430339641,1.6455539190058557,phys
664,2.4294860940985705,-4.724487036760166,1.6192222617612666,phys
665,2.1854419859195096,-4.13540781851299,1.5893363462374517,phys
666,1.944547256627968,-3.5539306426460486,1.5559373745086218,phys
667,1.706722655723227,-2.979864212498436,1.5190650168390805,phys
668,1.4718920154151134,-2.4130246725260616,1.4787574938314705,phys
669,1.2399820971286633,-1.853235237791125,1.4350516535725386,phys
670,1.0109224474682057,-1.3003258462849394,1.387983044146969,phys
671,0.78464526294674,-0.7541328324086326,1.337585981857919,phys
672,0.5610852628457798,-0.2144986200793405,1.2838936154642648,phys
673,0.3401795696230359,0.3187285659444425,1.2269379867183912,phys
674,0.1218675963338736,0.8456949718075129,1.1667500874649102,phys
675,-0.0939090594245754,1.366541570558071,1.1033599135391536,phys
676,-0.3072067154975442,1.8814043034916916,1.0367965156850532,phys
677,-0.5180796995006736,2.390414307842498,0.967088047694167,phys
678,-0.7265804378745503,2.8936981317450354,0.8942618119516471,phys
679,-0.932759540018548,3.3913779373184427,0.8183443025602848,phys
680,-1.136665877829978,3.8835716926598702,0.7393612462002829,phys
681,-1.3383466609491068,4.370393353472612,0.6573376408704195,phys
682,-1.5378475079885852,4.851953035001317,0.5722977926448792,phys
683,-1.7352125140045789,5.328357174895345,0.484265350570002,phys
684,-1.9304843144483856,5.799708687576632,0.3932633398156488,phys
685,-2.1237041458192816,6.2661071106449135,0.2993141931875808,phys
686,-2.3149119032239684,6.7276487438160135,0.2024397810991125,phys
687,-2.504146195032846,7.184426780852417,0.102661440093293,phys
688,-2.691444394810293,7.636531434913756,2.664535259100376e-15,phys
689,-2.8354229924930228,7.9840702482869315,0.0753333994240904,phys
690,-2.9783504260467697,8.329071737780538,0.1452262895457294,phys
691,-3.1202403406037043,8.671568840324923,0.2097329610323329,phys
692,-3.26110586822727,9.011593254393468,0.2689062564836306,phys
693,-3.4009596444670342,9.349175479963062,0.3227976327865355,phys
694,-3.539813824253238,9.68434485688075,0.3714572210896553,phys
695,-3.6776800971709034,10.017129601732696,0.4149338845188991,phys
696,-3.8145697021513207,10.347556843306837,0.4532752737473972,phys
697,-3.950493441616143,10.675652656734222,0.486527880524959,phys
698,-4.085461695107594,11.001442096389914,0.5147370892651192,phys
699,-4.219484432436063,11.324949227628965,0.5379472267808383,phys
700,-4.35257122637481,11.64619715742916,0.556201610253577,phys
701,-4.484731264929292,11.965208064007028,0.5695425935143411,phys
702,-4.615973363207449,12.28200322547058,0.5780116117097418,phys
703,-4.746305974915384,12.596603047567864,0.581649224420775,phys
704,-4.875737203501441,12.909027090586765,0.5804951572970967,phys
705,-5.004274812970431,13.219294095458674,0.5745883422649507,phys
706,-5.131926238388049,13.527422009114238,0.5639669563625824,phys
707,-5.258698596094546,13.833428009137396,0.5486684592529499,phys
708,-5.384598693645252,14.137328527760015,0.5287296294597977,phys
709,-5.509633039494596,14.43913927523742,0.5041865993696514,phys
710,-5.633807852438755,14.73887526264123,0.4750748890390974,phys
711,-5.757129070831343,15.036550824104454,0.4414294388436809,phys
712,-5.879602361585243,15.332179638550285,0.4032846410020354,phys
713,-6.001233128972912,15.62577475093448,0.3606743700062582,phys
714,-6.122026523236191,15.917348593027912,0.3136320119873199,phys
715,-6.241987449016079,16.206913003764573,0.2621904930420767,phys
716,-6.36112057361178,16.494479249177417,0.2063823065466214,phys
717,-6.479430335077735,16.780058041943178,0.1462395394788606,phys
718,-6.596920950166215,17.063659560554388,0.0817938977718082,phys
719,-6.7135964221226185,17.345293468135832,0.0130767307175431,phys
720,-6.82946054833963,17.62496893092032,-0.05988094555931,phys
721,-6.944516927875936,17.90269463639757,-0.1370484255409454,phys
722,-7.058768968844249,18.178478811147546,-0.218395292651653,phys
723,-7.172219895673055,18.452329238369057,-0.3038913984730859,phys
724,-7.284872756245711,18.72425327511226,-0.3935068428240649,phys
725,-7.396730428920181,18.99425786922308,-0.4872119546902097,phys
726,-7.5077956294319,19.262349576005477,-0.5849772739888366,phys
727,-7.618070917682099,19.52853457460722,-0.6867735341551493,phys
728,-7.727558704413296,19.792818684133447,-0.7925716455358328,phys
729,-7.836261257773251,20.055207379490813,-0.9023426795762858,phys
730,-7.944180709768588,20.31570580696537,-1.0160578537879923,phys
731,-8.051319062608473,20.57431879953515,-1.1336885174822018,phys
732,-8.157678194938978,20.83105089191876,-1.2552061382563655,phys
733,-3.3856780265972217,4.036740184722554,1.0238832738106538,interp
734,-3.323875755337089,3.788474971721239,1.0213572181809063,interp
735,-3.2620734840769563,3.5402097587199255,1.0188311625511588,interp
736,-3.2002712128168236,3.2919445457186107,1.0163051069214113,interp
737,-3.138468941556691,3.0436793327172964,1.0137790512916638,interp
738,-3.076666670296558,2.7954141197159816,1.011252995661916,interp
739,-3.0148643990364254,2.547148906714668,1.0087269400321686,interp
740,-2.9530621277762927,2.2988836937133534,1.006200884402421,interp
741,-2.8912598565161596,2.050618480712039,1.0036748287726733,interp
742,-2.829457585256027,1.8023532677107246,1.0011487731429258,interp
743,-2.767655313995894,1.554088054709411,0.9986227175131783,interp
744,-2.7058530427357614,1.3058228417080964,0.9960966618834307,interp
745,-2.6440507714756283,1.0575576287067818,0.9935706062536831,interp
746,-2.5822485002154956,0.8092924157054672,0.9910445506239356,interp
747,-2.5204462289553633,0.5610272027041537,0.9885184949941881,interp
748,-2.45864395769523,0.31276198970283914,0.9859924393644404,interp
749,-2.3968416864350974,0.06449677670152454,0.9834663837346929,racket
